batch,account_number,customer_id,contract,call_plan,BT_Basic,TV,Mobile,Sport,Carmen_Discount,Line_excluding_CP_offer,Line_rental_plus,CNF,Voicemail,Smart_Direct,NCC,Call_Barring,Permanent_Withhold_Number,Admin_CNF,Debt_CNF,Standard_Care,Prompt_Care,Total_Care,Prompt_Care_LRP,Total_Care_Priority,Priority_Fault_Repair,CSDP_Priority_Fault_Repair,Age_and_Disability_Call_Return,Special_Services_Marker,FF_Bundle_Free,FF_AddOn_Priced,FF_Mobile_Free,Freedom_Bundle_Free,Freedom_AddOn_Free,birth_dt,title,first_name,last_name,age_band,Email,primary_contact_number,RoBT_NAD_Key,postcode,bill_amount,payment_method,bill_type,bill_frequency,next_bill_date,bill_format,directory_entry,poa,split_service_flg,telecare_flg,voice_usage,eligibility_flg,cps_flg,uxd5_exchange_flg,openreach_nad_key,ExchangeName,ExchangeCode,serviceid,serviceid_length,enabled,hot_site,open_fault,open_order,pstn_count,v_cat,disability,longlines,dacs_btc,reason_to_exclude
Available,CM58800058,XXXXXXXXXXXX,OutContract,,Y,N,N,N,N,N,N,N,N,N,N,N,N,N,N,Y,N,N,N,N,N,N,N,N,N,N,N,N,N,,Miss,Edward,Green,,edward.g@outlook.com,01701 462123,R00022257675,OX95 8TE,XXXXXXXXXXXX,Customer Initiated,Paper Bill,3M,11/02/2026,Blue Bill,O,,N,N,MED USAGE,FTTC,N,N,A00020635851,Stone Cross,CMSTOX,01701 462123,11,Y,,,,1,,XXXXXXXXXXXX,A,0,
Available,WS60127804,XXXXXXXXXXXXer,OutContract,HPS_2020,N,N,N,N,N,N,N,Y,N,N,N,N,N,N,N,Y,N,N,N,N,N,N,N,N,N,N,N,N,N,2001-01-01T00:00:00,Miss,Ronald,Anderson,18-74,ronaldanderson@gmail.com,01886 944912,R00000880973,EC7M 8EN,XXXXXXXXXXXX,Direct Debit,Paper Bill,1M,26/11/2025,Blue Bill,XDNC,,N,N,HIGH USAGE,FTTC ULTRA_FTTP FTTP,N,N,A00000798085,Kilbirnie,WSKIE,01886 944912,11,Y,,,,1,,XXXXXXXXXXXXplus,,0,
Available,233275724,XXXXXXXXXXXX,InContract,PAYG,N,N,N,N,Y,Y,Y,Y,N,N,N,N,N,N,N,N,N,N,Y,N,N,N,N,N,N,N,N,N,N,1959-05-12T00:00:00,Ms,Emily,Williams,18-74,emily.williams@hotmail.com,0117 998 4610,R00010479057,S93 7NH,XXXXXXXXXXXX,Customer Initiated,Dual,1M,01/12/2025,Blue Bill,XDNC,,N,N,NO USAGE,,N,N,A00009710214,Lydd,NDLYD,0117 998 4610,11,Y,,,Open,1,,XXXXXXXXXXXX,,,
Available,WS60665668,XXXXXXXXXXXX,OutContract,,Y,N,N,N,N,N,N,Y,N,N,N,N,N,N,N,Y,N,N,N,N,N,N,N,N,N,N,N,N,N,1943-09-22T00:00:00,,Sophie,Smith,80-84,ssmith@hotmail.com,0121 909 4754,R00000919194,CB3N 7LP,XXXXXXXXXXXX,Customer Initiated,Paper Bill,3M,15/12/2025,Blue Bill,O,,N,N,HIGH USAGE,ULTRA_FTTP FTTP,N,N,A00000834155,Kilmarnock,WSKIL,0121 909 4754,11,Y,,,,1,,XXXXXXXXXXXX,,0,
,MY52292198,XXXXXXXXXXXX,OutContract,HPS,N,N,N,N,N,N,N,Y,N,N,N,N,N,N,N,Y,N,N,N,N,N,N,N,N,N,N,N,N,N,1940-02-03T00:00:00,Prof,Sarah,Williams,85-89,sarahwilliams@email.com,0161 255 5001,R02366779648,SW8H 8NQ,XXXXXXXXXXXX,Direct Debit,Paper Bill,1M,28/11/2025,Blue Bill,DQR,,N,N,LOW USAGE,FTTC,N,N,A00060817751,Haxby,MYHAX,0161 255 5001,11,,,,,1,,XXXXXXXXXXXX,A,0,
,EM14750039,XXXXXXXXXXXX,OutContract,Unlimited_Minutes,N,N,N,N,Y,Y,N,Y,N,N,N,N,N,N,N,Y,N,N,N,N,N,N,N,N,N,N,N,N,N,,Dr,Nicole,,,nicole@mail.com,0121 978 6102,R00016681513,N50 3NX,XXXXXXXXXXXX,Monthly Payment Plan,Paper Bill,3M,24/11/2025,Blue Bill,O,,N,N,HIGH USAGE,FTTC ULTRA_FTTP FTTP,N,N,A00015476916,Edwalton,EMEDWAL,0121 978 6102,11,,,,,1,,XXXXXXXXXXXX,,0,
NOV_2,EM13610836,XXXXXXXXXXXX,OutContract,UAP,N,N,N,N,Y,N,Y,N,N,N,N,N,Y,N,N,N,N,N,N,N,Y,N,N,N,N,N,N,N,N,1960-12-01T00:00:00,Mrs,Frances,Wright,18-74,franceswright@company.com,020 8393 9266,R00016582809,BS12 0AW,XXXXXXXXXXXX,Customer Initiated,Paper Bill,3M,13/12/2025,Blue Bill,XDNC,,N,N,MED USAGE,FTTC GFAST_200 ULTRA_FTTP FTTP,N,N,A00015383707,Ruddington,EMRDDIN,020 8393 9266,11,Y,,,,1,,XXXXXXXXXXXX,,0,
,NS18796159,XXXXXXXXXXXX,OutContract,HPS_2020,N,N,N,N,N,N,N,Y,Y,N,N,N,N,N,N,N,N,N,N,N,Y,N,Y,N,N,N,N,N,N,,Mr,Anna,Wright,,anna.wright@company.com,07858 120707,R00009654869,B3R 2PZ,XXXXXXXXXXXX,Direct Debit,Paper Bill,3M,08/01/2026,Large Print,O,,Y,Y,MED USAGE,FTTC,N,N,A00008938553,Portree,NSPTR,07858 120707,11,Y,,,,1,,XXXXXXXXXXXX,A,0,
,203559233,XXXXXXXXXXXX,OutContract,UAP,N,N,N,N,Y,N,N,Y,Y,N,N,N,N,N,N,Y,N,N,N,N,N,N,N,N,N,N,Y,N,N,1940-06-30T00:00:00,Miss,Maria,Martinez,85-89,mmartinez@gmail.com,07937 646948,R00014858772,WC9R 0NE,XXXXXXXXXXXX,Direct Debit,Paper Bill,3M,07/02/2026,Blue Bill,XDNC,,N,N,MED USAGE,FTTC GFAST_100 ULTRA_FTTP FTTP,N,N,A00013777142,Donaldson,ESDON,07937 646948,11,,,,,1,,XXXXXXXXXXXX,,0,
OCT_3,WM34063334,XXXXXXXXXXXX,OutContract,Unlimited_Minutes,N,N,N,N,Y,Y,N,Y,N,N,N,N,Y,N,N,Y,N,N,N,N,N,N,N,N,N,N,N,N,N,1946-08-12T00:00:00,Mr,Jessica,Campbell,75-79,jcampbell@outlook.com,0117 935 8945,R00019105543,M91 6QJ,XXXXXXXXXXXX,Direct Debit,Paper Bill,3M,09/12/2025,Blue Bill,XDNC,,N,N,HIGH USAGE,FTTC,N,N,A00017720690,Miltonlee,WMMTL,0117 935 8945,11,,,,,1,,XXXXXXXXXXXX,,0,
,WM33081679,XXXXXXXXXXXX,OutContract,Unlimited_Minutes,N,N,N,N,Y,Y,N,Y,Y,N,N,N,N,N,N,Y,N,N,N,N,N,N,N,N,N,N,N,N,N,,Mrs,Heather,Edwards,,heather.edwards@email.com,020 8860 3801,R00023997706,SL16 2PR,XXXXXXXXXXXX,Direct Debit,Paper Bill,3M,16/12/2025,Blue Bill,XDNC,,N,N,HIGH USAGE,FTTC FTTP,N,N,A15033980340,Bromsgrove,WMBPZ,020 8860 3801,11,,,,,1,,XXXXXXXXXXXX,,0,
Available,EA30445821,XXXXXXXXXXXX,OutContract,UWP,N,N,N,N,N,N,Y,N,N,N,N,N,N,N,N,N,N,N,Y,N,N,N,N,N,N,N,N,N,N,1943-12-14T00:00:00,Mr,Carolyn,Collins,80-84,carolyn.c@email.com,020 8665 9600,R00007487701,LS7U 1UU,XXXXXXXXXXXX,Customer Initiated,Paper Bill,3M,01/02/2026,Blue Bill,XDNC,,N,N,HIGH USAGE,FTTC ULTRA_FTTP FTTP,N,N,A00006948173,Tilbury,EATLB,020 8665 9600,11,Y,,,,1,,XXXXXXXXXXXX,,0,
,CM59049662,XXXXXXXXXXXX,OutContract,Unlimited_Minutes,N,N,N,N,N,Y,N,Y,Y,N,N,N,N,N,N,Y,N,N,N,N,N,N,N,N,N,N,N,N,N,,Mr,Matthew,Williams,,matthew.williams@company.com,0113 938 2530,R00022348387,E5 7EW,XXXXXXXXXXXX,Direct Debit,Dual,3M,19/11/2025,Blue Bill,O,,Y,N,MED USAGE,FTTC ULTRA_FTTP FTTP,N,N,A00020718936,Penn; West Midlands,CMPEN,0113 938 2530,11,Y,,,,1,,XXXXXXXXXXXX,,0,
DEC_1,219773703,XXXXXXXXXXXX,OutContract,Unlimited_Minutes,N,N,N,N,Y,Y,N,N,N,N,N,N,N,N,N,Y,N,N,N,N,N,N,N,N,N,N,N,N,N,1936-01-09T00:00:00,Dr,Kenneth,King,85-89,kking@gmail.com,01204 979071,R00004598073,BS1N 9FD,XXXXXXXXXXXX,Direct Debit,Paper Bill,1M,05/12/2025,Blue Bill,XDNC,,N,N,HIGH USAGE,,N,N,A00004239265,Strabane,NISE,01204 979071,11,Y,,,,1,,XXXXXXXXXXXX,,0,
Available,SW10151562,XXXXXXXXXXXX,OutContract,HPS_2019,N,N,N,N,N,N,N,Y,N,N,N,N,N,N,N,Y,N,N,N,N,N,N,N,N,N,N,N,N,N,,Miss,Sarah,Martin,,smartin@gmail.com,0121 490 7605,R00008049406,RG4E 8TR,XXXXXXXXXXXX,Monthly Payment Plan,Paper Bill,3M,08/02/2026,Blue Bill,O,,N,N,HIGH USAGE,FTTC ULTRA_FTTP FTTP,N,N,A00007472084,Cwmbran,SWCRS,0121 490 7605,11,Y,,,,1,,XXXXXXXXXXXX,A,0,
,LN27002631,XXXXXXXXXXXX,OutContract,Unlimited_Minutes_3,N,N,N,N,Y,N,Y,N,N,N,N,N,N,N,N,N,N,N,Y,N,N,N,N,N,N,N,N,N,N,,Miss,Robert,Rodriguez,,robert.rodriguez@company.com,0117 920 1139,R00024695412,N96 3XG,XXXXXXXXXXXX,Customer Initiated,Paper Bill,3M,06/12/2025,Blue Bill,XDNC,,N,N,MED USAGE,FTTC,N,N,A13104349886,Tottenham,LNTOT,0117 920 1139,11,,,,,1,,XXXXXXXXXXXX,,0,
,LC20011729,XXXXXXXXXXXX,OutContract,,Y,N,N,N,N,N,N,N,N,N,N,N,N,N,N,Y,N,N,N,N,N,N,N,N,N,N,N,N,N,,Miss,Emma,Nguyen,,emmanguyen@work.co.uk,020 8980 7565,R00011389970,BS95 7BE,XXXXXXXXXXXX,Customer Initiated,Paper Bill,3M,17/11/2025,Blue Bill,O,,N,N,LOW USAGE,FTTC,N,N,A00010560503,Blackburn,LCBLK,020 8980 7565,11,Y,,,,1,,XXXXXXXXXXXX,5,0,
Available,NS18255244,XXXXXXXXXXXX,OutContract,UAC,N,N,N,N,Y,N,N,Y,Y,N,N,N,N,N,N,Y,N,N,N,N,N,N,N,N,N,N,N,N,N,1934-11-25T00:00:00,Miss,George,Taylor,90-94,gtaylor@gmail.com,020 7338 9691,R00000982175,NW3C 7WR,XXXXXXXXXXXX,Direct Debit,Paper Free,1M,01/12/2025,Blue Bill,XDNC,,N,N,MED USAGE,FTTC ULTRA_FTTP FTTP,N,N,A00000894000,Banff,NSBNF,020 7338 9691,11,Y,,,,1,,XXXXXXXXXXXX,A,0,
SEP_3,TH10679806,XXXXXXXXXXXX,OutContract,UWP,N,N,N,N,Y,N,N,N,N,N,N,N,N,N,N,Y,N,N,N,N,N,N,N,N,N,N,N,N,N,1964-09-24T00:00:00,Prof,Ruth,Mitchell,18-74,ruth.mitchell@company.com,07974 359225,R00001352281,W8E 4BD,XXXXXXXXXXXX,Direct Debit,Paper Bill,3M,03/02/2026,Blue Bill,O,,N,N,NO USAGE,FTTC,N,N,A00001233387,Newbury,THNU,07974 359225,10,Y,,,,1,,XXXXXXXXXXXX,A,0,
,SS76822686,XXXXXXXXXXXX,OutContract,Unlimited_Minutes,N,N,N,N,Y,Y,N,Y,N,N,N,N,N,N,N,N,N,N,N,N,Y,N,N,N,N,N,N,N,N,1932-10-16T00:00:00,Mrs,Carolyn,Williams,90-94,cwilliams@mail.com,0121 794 8349,R00000562083,OX64 3EL,XXXXXXXXXXXX,Direct Debit,Paper Bill,3M,19/01/2026,Blue Bill,O,,N,Y,HIGH USAGE,FTTC,N,N,A00000496261,Downend,SSDOW,0121 794 8349,11,,,,,1,,XXXXXXXXXXXX,A,0,
,LN23552198,XXXXXXXXXXXX,OutContract,Unlimited_Minutes_1,N,N,N,N,N,N,Y,Y,N,N,N,N,N,N,N,N,N,N,Y,N,N,N,N,N,N,N,N,N,N,,Miss,Diane,Hill,,diane.h@email.com,01622 842458,R00007352625,S17 6UR,XXXXXXXXXXXX,Customer Initiated,Dual,3M,20/12/2025,Blue Bill,XDNC,,Y,N,HIGH USAGE,FTTC ULTRA_FTTP FTTP,N,N,A00006822255,Loughton,LNLOU,01622 842458,11,,,,,2,,XXXXXXXXXXXX,,0,
Available,EM13623699,XXXXXXXXXXXX,OutContract,,Y,N,N,N,N,N,N,Y,N,N,N,N,N,N,N,Y,N,N,N,N,N,N,N,N,N,N,N,N,N,,Mr,Julie,Evans,,julieevans@outlook.com,0161 607 1587,R00016585437,B7V 6JP,XXXXXXXXXXXX,Customer Initiated,Paper Bill,3M,17/11/2025,Blue Bill,XDNC,,N,N,LOW USAGE,FTTC,N,N,A00015386233,Kirkby In Ashfield,EMKIRKB,0161 607 1587,11,Y,,,,1,,XXXXXXXXXXXX,,0,
Available,WN80614635,XXXXXXXXXXXX,OutContract,HPS_2020,N,N,N,N,N,N,N,Y,N,N,N,N,N,N,N,Y,N,N,N,N,N,N,N,N,N,N,N,N,N,1947-03-05T00:00:00,Ms,Virginia,Wilson,75-79,virginia.w@email.com,0113 824 5347,R00002358959,LS6Q 9LU,XXXXXXXXXXXX,Direct Debit,Dual,3M,07/01/2026,Blue Bill,O,,N,N,HIGH USAGE,,N,N,A00002149061,Kinnerton,WNKT,0113 824 5347,11,Y,,,,1,,XXXXXXXXXXXX,,0,
,WS60965526,XXXXXXXXXXXX,OutContract,UEWP,N,N,N,N,N,N,N,N,N,N,N,N,N,N,N,Y,N,N,N,N,N,N,N,N,N,N,N,N,N,,Ms,Matthew,Mitchell,,mmitchell@outlook.com,01929 709370,R00006052568,BN9D 1DZ,XXXXXXXXXXXX,Direct Debit,Paper Bill,3M,17/12/2025,Blue Bill,O,,Y,N,MED USAGE,FTTC,N,N,A00005601464,Thornhill; Dumfries & Galloway,WSTHL,01929 709370,11,Y,,,,1,,XXXXXXXXXXXX,A,0,
,SW11217807,XXXXXXXXXXXX,OutContract,HPS_2020,N,N,N,N,N,N,N,Y,N,N,N,N,Y,N,N,Y,N,N,N,N,N,N,N,N,N,N,N,N,N,,Miss,Timothy,Adams,,timothyadams@work.co.uk,0113 213 1059,R00017865842,CB26 8XL,XXXXXXXXXXXX,Customer Initiated,Paper Bill,3M,17/01/2026,Blue Bill,XDNC,,Y,N,LOW USAGE,FTTC ULTRA_FTTP FTTP,N,N,A00016571433,Whitchurch; South Glamorgan,SWWXC,0113 213 1059,11,Y,,,,1,,XXXXXXXXXXXX,,0,
Available,EA30136637,XXXXXXXXXXXX,OutContract,,Y,N,N,N,N,N,N,Y,N,N,N,N,N,N,N,Y,N,N,N,N,N,N,N,N,N,N,N,N,N,,Captain,Diane,Clark,,diane.c@company.com,0121 778 5423,R00019549201,BS9R 9NG,XXXXXXXXXXXX,Direct Debit,Paper Bill,3M,25/11/2025,Blue Bill,O,,N,N,MED USAGE,FTTC FTTP,N,N,A00018136987,Leiston,EALTN,0121 778 5423,11,Y,,,,1,,XXXXXXXXXXXX,,0,
,LW58556429,XXXXXXXXXXXX,OutContract,PAYG,N,N,N,N,N,Y,Y,Y,N,N,N,N,N,N,N,N,N,N,Y,N,N,N,N,N,N,N,N,N,N,,Dr,Steven,Moore,,steven.m@work.co.uk,0161 746 4869,R00014605835,BN51 5BD,XXXXXXXXXXXX,Customer Initiated,Paper Free,3M,10/02/2026,Blue Bill,XDNC,,N,N,NO USAGE,FTTC ULTRA_FTTP FTTP,N,N,A00013542557,South Harrow,LWSHAR,0161 746 4869,11,,,,,2,,XXXXXXXXXXXX,,0,
NOV_4,SM45139653,XXXXXXXXXXXX,OutContract,UWP,N,N,N,N,Y,N,Y,N,N,N,N,N,N,N,N,N,N,N,Y,N,N,N,N,N,N,N,N,N,N,1952-10-03T00:00:00,Mrs,Melissa,Collins,18-74,mcollins@outlook.com,0121 622 2869,R00001197812,WC39 0GF,XXXXXXXXXXXX,Direct Debit,Paper Bill,1M,07/12/2025,Blue Bill,O,,N,N,MED USAGE,FTTC ULTRA_FTTP FTTP,N,N,A00001094695,Dunstable,SMDB,0121 622 2869,11,Y,,,,1,,XXXXXXXXXXXX,A,0,
Available,SD40040029,XXXXXXXXXXXX,OutContract,HPS_2018,N,N,N,N,N,N,N,Y,Y,N,N,N,Y,N,N,Y,N,N,N,N,N,N,N,N,N,N,N,N,N,1969-05-03T00:00:00,Dr,Brian,Robinson,18-74,brobinson@outlook.com,07960 856455,R00006424466,CB5X 2RA,XXXXXXXXXXXX,Customer Initiated,Dual,3M,19/11/2025,Blue Bill,XDNC,,N,N,HIGH USAGE,FTTC ULTRA_FTTP FTTP,N,N,A00005949130,Eastbourne Pevensey,SDPVNSY,07960 856455,11,Y,,,,1,,XXXXXXXXXXXX,,0,
Available,SW10848754,XXXXXXXXXXXX,OutContract,Unlimited_Minutes_2,N,N,N,N,N,N,N,N,N,N,N,N,N,N,N,Y,N,N,N,N,N,N,N,N,N,N,N,N,N,,Mr,Robert,,,robert@hotmail.com,020 8344 9597,R00008009261,NW2X 6LR,XXXXXXXXXXXX,Monthly Payment Plan,Paper Bill,3M,19/11/2025,Blue Bill,XDNC,,N,N,MED USAGE,FTTC ULTRA_FTTP FTTP,N,N,A00007434929,Abergavenny,SWAG,020 8344 9597,11,Y,,,,1,,XXXXXXXXXXXX,,0,
Available,ES80218616,XXXXXXXXXXXX,OutContract,,Y,N,N,N,N,N,N,N,N,N,N,N,N,N,N,Y,N,N,N,N,N,N,N,N,N,N,N,N,N,,Miss,Anna,Evans,,anna.evans@outlook.com,0117 922 5719,R00000255010,OX63 4DD,XXXXXXXXXXXX,Direct Debit,Paper Bill,3M,13/02/2026,Blue Bill,O,,N,N,MED USAGE,FTTC GFAST_200,N,N,A00000212728,Dundee Lochee,ESLOC,0117 922 5719,11,Y,,,,1,,XXXXXXXXXXXX,,0,
Available,LC20477506,XXXXXXXXXXXX,OutContract,,Y,N,N,N,N,N,N,N,N,N,N,N,N,N,N,Y,N,N,N,N,N,N,N,N,N,N,N,N,N,,Dr,Diane,Collins,,dcollins@work.co.uk,0113 923 9761,R00004682168,RG96 5LH,XXXXXXXXXXXX,Direct Debit,Paper Bill,1M,06/12/2025,Blue Bill,O,,N,N,MED USAGE,FTTC ULTRA_FTTP FTTP,N,N,A00004318228,Carlisle,LCCAR,0113 923 9761,11,Y,,,,1,,XXXXXXXXXXXX,,0,
,SS77192597,XXXXXXXXXXXX,OutContract,UWP,N,N,N,N,Y,N,Y,N,N,N,N,N,N,N,N,N,N,N,Y,N,N,N,N,N,N,N,N,N,N,1949-01-21T00:00:00,,Thomas,Moore,75-79,thomas.m@hotmail.com,020 8221 4869,R00008050640,S56 2QY,XXXXXXXXXXXX,Customer Initiated,Paper Bill,3M,21/01/2026,Blue Bill,XDNC,,N,N,MED USAGE,FTTC,N,N,A00007473262,Wotton-Under-Edge,SSWUE,020 8221 4869,11,,,,,1,,XXXXXXXXXXXX,,0,
Available,WM33132546,XXXXXXXXXXXX,OutContract,PAYG,N,N,N,N,Y,N,N,N,N,N,N,N,N,N,N,Y,N,N,N,N,N,N,N,N,N,N,N,N,N,,Mrs,Frances7,White,,frances7.white@company.com,0113 268 7235,R00024051144,L95 1WL,XXXXXXXXXXXX,Direct Debit,Paper Bill,3M,16/01/2026,Blue Bill,O,,N,Y,LOW USAGE,FTTC ULTRA_FTTP FTTP,N,N,A00022291656,Leigh Sinton,WMLEI,0113 268 7235,11,Y,,,,1,,XXXXXXXXXXXX,,0,
Available,EA31646109,XXXXXXXXXXXX,OutContract,700Mins,N,N,N,N,N,Y,N,N,N,N,N,N,N,N,N,Y,N,N,N,N,N,N,N,N,N,N,N,N,N,,Mrs,Robert,Lewis,,rlewis@company.com,0161 712 9147,R02061801833,EC5H 3WQ,XXXXXXXXXXXX,Direct Debit,Paper Free,1M,15/11/2025,Blue Bill,O,,N,N,HIGH USAGE,FTTC ULTRA_FTTP FTTP,N,N,A00001870523,Soham,EASOH,0161 712 9147,11,Y,,,,1,,XXXXXXXXXXXX,A,0,
Available,EA30605934,XXXXXXXXXXXX,OutContract,,Y,N,N,N,N,N,N,N,N,N,N,N,N,N,N,Y,N,N,N,N,N,N,N,N,N,N,N,N,N,1936-05-06T00:00:00,Mrs,Daniel,White,85-89,daniel.w@email.com,07822 451061,R00006836994,N6C 4HZ,XXXXXXXXXXXX,Direct Debit,Paper Bill,1M,05/12/2025,Blue Bill,O,,N,Y,MED USAGE,FTTC,N,N,A00006337056,Hatfield Peverel,EAHAT,07822 451061,11,Y,,,,1,,XXXXXXXXXXXX,,0,
,SL41912554,XXXXXXXXXXXX,OutContract,,Y,N,N,N,N,N,N,N,N,N,N,N,N,N,N,Y,N,N,N,N,N,N,N,N,N,N,N,N,N,,Mr,Emma,Jones,,ejones@work.co.uk,0117 962 6433,R00018302777,CB8T 1YL,XXXXXXXXXXXX,Customer Initiated,Paper Bill,3M,17/11/2025,Blue Bill,O,,N,N,HIGH USAGE,FTTC,N,N,A00016974451,Silkstone,SLSKT,0117 962 6433,11,Y,,,,1,,XXXXXXXXXXXX,,1,DACS
Available,SS76018572,XXXXXXXXXXXX,OutContract,Unlimited_Minutes,N,N,N,N,Y,Y,N,Y,N,N,N,N,N,N,N,Y,N,N,N,N,N,N,N,N,N,N,N,N,N,,Dr,Andrew,Young,,andrew.young@work.co.uk,020 7867 5730,R00000636194,NE21 5PD,XXXXXXXXXXXX,Direct Debit,Paper Bill,3M,17/12/2025,Large Print,XDNC,,N,N,HIGH USAGE,FTTC,N,N,A00000567065,Compton Dando,SSCDO,020 7867 5730,11,Y,,,,1,,XXXXXXXXXXXX,A,0,
DEC_BMS_2,MR70659497,XXXXXXXXXXXX,OutContract,HPS_2020,N,N,N,N,N,N,N,Y,N,N,N,N,N,N,N,Y,N,N,N,N,N,N,N,N,N,N,N,N,N,1926-12-03T00:00:00,Prof,Sophie,Martinez,95-99,sophiemartinez@hotmail.com,01464 684908,R03384948610,NE9V 2BP,XXXXXXXXXXXX,Direct Debit,Paper Bill,3M,06/01/2026,Blue Bill,O,,N,Y,MED USAGE,FTTC FTTP,N,N,A00002423576,Heaton Moor,MRHEA,01464 684908,11,Y,,,,1,,XXXXXXXXXXXX,A,0,
,EM10098458,XXXXXXXXXXXX,OutContract,,Y,N,N,N,N,N,N,N,N,N,N,N,N,N,N,Y,N,N,N,N,N,N,N,N,N,N,N,N,N,1954-08-15T00:00:00,Dr,Janet,Taylor,18-74,janet.taylor@outlook.com,0113 947 1456,R00016134983,M26 7ZA,XXXXXXXXXXXX,Customer Initiated,Paper Bill,3M,04/12/2025,Blue Bill,O,,N,N,MED USAGE,FTTC ULTRA_FTTP FTTP,N,N,A00014968007,Kettering,EMKTTER,0113 947 1456,11,,,,,1,,XXXXXXXXXXXX,A,0,
Available,SW10725323,XXXXXXXXXXXX,OutContract,Unlimited_Minutes_4,N,N,N,N,Y,N,N,N,N,N,N,N,N,N,N,Y,N,N,N,N,N,N,N,N,N,N,N,N,N,,Prof,Rachel,Scott,,rscott@hotmail.com,0113 417 7388,R00006182624,RG3J 9UF,XXXXXXXXXXXX,Direct Debit,Paper Free,3M,28/11/2025,Blue Bill,XDNC,,N,N,MED USAGE,ULTRA_FTTP FTTP,N,N,A00005722547,Carew,SWZIU,0113 417 7388,11,Y,,,,1,,XXXXXXXXXXXX,,0,
Available,LN23605859,XXXXXXXXXXXX,OutContract,,Y,N,N,N,N,N,N,N,N,N,N,N,Y,N,N,Y,N,N,N,N,N,N,N,N,N,N,N,N,N,,Dr,Heather,Martinez,,heathermartinez@mail.com,0117 935 4072,R00014369376,OX70 7WN,XXXXXXXXXXXX,Monthly Payment Plan,Paper Bill,3M,27/12/2025,Blue Bill,XDNC,,N,N,LOW USAGE,FTTC,N,N,A00013324589,Enfield,LNENF,0117 935 4072,11,Y,,,,1,,XXXXXXXXXXXX,,0,
Available,EM14425022,XXXXXXXXXXXX,OutContract,Unlimited_Minutes,N,N,N,N,Y,Y,Y,Y,N,N,N,N,N,N,N,N,N,N,Y,N,N,N,N,N,N,N,N,N,N,1933-04-07T00:00:00,Mr,George,Rivera,90-94,george.rivera@company.com,0113 944 4597,R00002236960,L2R 8RE,XXXXXXXXXXXX,Customer Initiated,Paper Bill,3M,17/01/2026,Blue Bill,O,,N,N,HIGH USAGE,FTTC,N,N,A00002035340,Benefield,EMBENEF,0113 944 4597,11,Y,,,,1,,XXXXXXXXXXXX,A,0,
Available,214812703,XXXXXXXXXXXX,OutContract,HPS_2020,N,N,N,N,N,N,N,N,N,N,N,N,N,N,N,Y,N,N,N,N,N,N,N,N,N,N,N,N,N,1947-11-23T00:00:00,Mr,Anna,Green,75-79,agreen@gmail.com,0121 888 3498,X05006330300,N91 6BN,XXXXXXXXXXXX,Direct Debit,Dual,1M,03/12/2025,Blue Bill,XDNC,,N,N,LOW USAGE,FTTC ULTRA_FTTP FTTP,N,N,A00011826741,Wigan,LCWIG,0121 888 3498,11,Y,,,,1,,XXXXXXXXXXXX,,0,
,LN24077873,XXXXXXXXXXXX,OutContract,UAC,N,N,N,N,Y,N,Y,Y,Y,N,N,N,N,N,N,N,N,N,Y,N,N,N,N,N,N,N,N,N,N,1942-07-09T00:00:00,Ms,Julie,Edwards,80-84,julieedwards@outlook.com,0117 927 3651,R00092563539,WC9S 1AQ,XXXXXXXXXXXX,Direct Debit,Paper Bill,1M,15/11/2025,Blue Bill,XDNC,,N,N,LOW USAGE,FTTC,N,N,A00029533284,Stamford Hill,LNSTA,0117 927 3651,11,,,,,1,,XXXXXXXXXXXX,A,0,
NOV_3,WN81416363,XXXXXXXXXXXX,OutContract,UWP,N,N,N,N,Y,N,Y,N,N,N,N,N,N,N,N,N,N,N,Y,N,N,N,N,N,N,N,N,N,N,,Miss,Julie,Miller,,julie.miller@yahoo.com,07887 835294,R00002335814,NE4S 5QJ,XXXXXXXXXXXX,Customer Initiated,Paper Bill,3M,22/12/2025,Blue Bill,XDNC,,N,N,MED USAGE,FTTC ULTRA_FTTP FTTP,N,N,A00002127111,Tarvin,WNTV,07887 835294,11,Y,,,,1,,XXXXXXXXXXXX,,0,
NOV_2,WN80197028,XXXXXXXXXXXX,OutContract,UEWP,N,N,N,N,Y,N,N,Y,N,N,N,N,N,N,N,Y,N,N,N,N,N,N,N,N,N,N,N,N,N,1900-01-01T00:00:00,Miss,Kelly,Martinez,>=120,kmartinez@email.com,0113 674 4577,R00017488613,EC5R 3PL,XXXXXXXXXXXX,Direct Debit,Paper Bill,3M,06/01/2026,Blue Bill,O,,N,Y,MED USAGE,,N,N,A15103171214,Wem,WNWEM,0113 674 4577,11,Y,,,,1,,XXXXXXXXXXXX,,0,
Available,LC23531339,XXXXXXXXXXXX,OutContract,,Y,N,N,N,N,N,N,Y,N,N,N,N,N,N,N,Y,N,N,N,N,N,N,N,N,N,N,N,N,N,,Dr,Virginia,Wilson,,virginia.wilson@work.co.uk,07764 884885,R00011837303,WC1R 1YS,XXXXXXXXXXXX,Direct Debit,Paper Bill,3M,17/12/2025,Blue Bill,O,,N,N,MED USAGE,FTTC,N,N,A00010976857,Darwen,LCDAR,07764 884885,11,Y,,,,1,,XXXXXXXXXXXX,,0,
DEC_1,WW29463371,XXXXXXXXXXXX,OutContract,UWP,N,N,N,N,Y,N,N,N,N,N,N,N,N,N,N,Y,N,N,N,N,N,N,N,N,N,N,N,N,N,1956-01-01T00:00:00,Mr,Sophie,Lewis,18-74,sophielewis@gmail.com,0117 998 8592,R00003329684,WC8M 5EH,XXXXXXXXXXXX,Direct Debit,Paper Free,1M,13/12/2025,Blue Bill,O,,N,N,LOW USAGE,FTTC,N,N,A00003053643,Gunnislake,WWGUNN,0117 998 8592,11,Y,,,,1,,XXXXXXXXXXXX,A,0,
,NE16280201,XXXXXXXXXXXX,OutContract,700Mins,N,N,N,N,N,Y,N,Y,N,N,N,N,N,N,N,Y,N,N,N,N,N,N,N,N,N,N,N,N,N,,Prof,Kevin,Rodriguez,,kevinrodriguez@email.com,0117 979 4860,R00020599393,RG3X 4YF,XXXXXXXXXXXX,Direct Debit,Paper Bill,3M,02/01/2026,Blue Bill,XDNC,,Y,N,MED USAGE,FTTC ULTRA_FTTP FTTP,N,N,A00019106515,Newcastle Central,NENT,0117 979 4860,11,Y,,,,1,,XXXXXXXXXXXX,,0,
,NS19277735,XXXXXXXXXXXX,OutContract,UEWC,N,N,N,N,N,N,N,Y,Y,N,N,N,N,N,N,Y,N,N,N,N,N,N,N,N,N,N,N,N,N,,Dr,Emma,Lewis,,elewis@yahoo.com,0121 301 8387,R00292369076,BN9H 1ZH,XXXXXXXXXXXX,Direct Debit,Paper Free,1M,21/11/2025,Blue Bill,XDNC,,N,N,MED USAGE,FTTC,N,N,A00008913382,Garrabost,NSGBT,0121 301 8387,11,,,,,1,,XXXXXXXXXXXX,,0,
NOV_4,224677446,XXXXXXXXXXXX,OutContract,700Mins,N,N,N,N,Y,Y,N,Y,Y,N,N,N,N,N,N,Y,N,N,N,N,N,N,N,N,N,N,N,N,N,1946-07-13T00:00:00,Miss,Virginia,Robinson,75-79,virginia.robinson@company.com,0117 965 5178,R00005639924,BN36 8FN,XXXXXXXXXXXX,Direct Debit,Dual,1M,05/12/2025,Blue Bill,XDNC,,N,Y,HIGH USAGE,FTTC,N,N,A00005215144,Burnham; Buckinghamshire,STNTHBN,0117 965 5178,11,Y,,,,1,,XXXXXXXXXXXX,,0,
,215442057,XXXXXXXXXXXX,OutContract,UWC,N,N,N,N,Y,N,N,N,N,N,N,N,N,N,N,Y,N,N,N,N,N,N,N,N,N,N,N,N,N,1972-12-18T00:00:00,Prof,Lisa,Collins,18-74,lisa.collins@email.com,0161 767 1483,X05006892093,EC7D 6ZG,XXXXXXXXXXXX,Direct Debit,Paper Free,1M,28/11/2025,Blue Bill,XDNC,,N,N,NO USAGE,FTTC,N,N,A00024164778,South Kensington,WRSKEN,0161 767 1483,11,,,,,1,,XXXXXXXXXXXX,,0,
Available,211511560,XXXXXXXXXXXX,OutContract,PAYG,N,N,N,N,Y,Y,N,Y,N,N,N,N,N,N,N,Y,N,N,N,N,N,N,N,N,N,N,N,N,N,1940-07-05T00:00:00,Ms,Rachel,Taylor,85-89,racheltaylor@work.co.uk,0117 946 2228,R00003223295,BS27 8RT,XXXXXXXXXXXX,Direct Debit,Paper Bill,1M,25/11/2025,Blue Bill,XDNC,,N,Y,MED USAGE,FTTC FTTP,N,N,A14926398298,Mold,WNM,0117 946 2228,11,Y,,,,1,,XXXXXXXXXXXX,,,
,228260252,XXXXXXXXXXXX,OutContract,700Mins,N,N,N,N,Y,Y,N,Y,N,N,N,N,N,N,N,Y,N,N,N,N,N,N,N,N,N,N,N,N,N,1954-04-03T00:00:00,Dr,Andrew,Young,18-74,andrew.young@gmail.com,020 7793 8707,R00013712259,SL81 0AX,XXXXXXXXXXXX,Direct Debit,Dual,1M,04/12/2025,Large Print,XDNC,,N,N,HIGH USAGE,ULTRA_FTTP FTTP,N,N,A00012712837,Stanley; Merseyside,LVSTA,020 7793 8707,11,,,,,1,,XXXXXXXXXXXX,,0,
,ND54934792,XXXXXXXXXXXX,OutContract,HPS,N,N,N,N,N,N,N,Y,N,N,N,N,N,N,N,Y,N,N,N,N,N,N,N,N,N,N,N,N,N,,Mr,Kevin,Phillips,,kevin.p@email.com,01476 511734,R00010231896,CB1A 9HD,XXXXXXXXXXXX,Monthly Payment Plan,Paper Bill,3M,26/11/2025,Blue Bill,XDNC,,N,N,MED USAGE,FTTC,N,N,A00009479198,Herne Bay,NDHBA,01476 511734,11,,,,,1,,XXXXXXXXXXXX,,0,
Available,EM13903018,XXXXXXXXXXXX,OutContract,,Y,N,N,N,N,N,N,Y,N,N,N,N,N,N,N,Y,N,N,N,N,N,N,N,N,N,N,N,N,N,1934-02-26T00:00:00,Mrs,Sophie,White,90-94,sophiewhite@hotmail.com,0121 535 3914,R00027578096,CB4U 4PZ,XXXXXXXXXXXX,Direct Debit,Paper Free,1M,09/12/2025,Blue Bill,O,,N,N,HIGH USAGE,FTTC ULTRA_FTTP FTTP,N,N,A00025412940,Mansfield,EMMNSFI,0121 535 3914,11,Y,,,,1,,XXXXXXXXXXXX,,0,
Available,EA31058670,XXXXXXXXXXXX,OutContract,,Y,N,N,N,N,N,N,Y,N,N,N,N,N,N,N,Y,N,N,N,N,N,N,N,N,N,N,N,N,N,1936-03-26T00:00:00,Dr,Jeffrey,Lewis,85-89,jlewis@yahoo.com,0113 728 2386,R00019347425,L1R 3LB,XXXXXXXXXXXX,Customer Initiated,Dual,3M,07/12/2025,Blue Bill,O,,N,N,LOW USAGE,FTTC ULTRA_FTTP FTTP,N,N,A00017947233,Beccles,EABEC,0113 728 2386,11,Y,,,,1,,XXXXXXXXXXXX,,0,
Available,227347533,XXXXXXXXXXXX,OutContract,700Mins,N,N,N,N,Y,Y,N,Y,N,N,N,N,N,N,N,Y,N,N,N,N,N,N,N,N,N,N,N,N,N,1942-04-15T00:00:00,Mr,Jessica,Scott,80-84,jscott@outlook.com,0117 998 5859,R00003405643,S5D 7SQ,XXXXXXXXXXXX,Direct Debit,Dual,1M,07/12/2025,Blue Bill,O,,N,N,MED USAGE,ULTRA_FTTP FTTP,N,N,A00003125117,Rhosllaner- Chrugog,WNRWX,0117 998 5859,11,Y,,,,1,,XXXXXXXXXXXX,,0,
Available,WW29621564,XXXXXXXXXXXX,OutContract,UAC,N,N,N,N,Y,N,N,Y,Y,N,N,N,N,N,N,Y,Y,N,N,N,N,N,N,N,N,N,N,Y,N,1934-02-10T00:00:00,Dr,Brian,Jones,90-94,bjones@company.com,0113 846 4820,X05002384992,CB1D 8UZ,XXXXXXXXXXXX,Direct Debit,Paper Bill,3M,11/01/2026,Blue Bill,O,,N,N,HIGH USAGE,FTTC,N,N,A00016526665,Henlade,WWHENL,0113 846 4820,11,Y,,,,1,,XXXXXXXXXXXX,,0,
,CL48065866,XXXXXXXXXXXX,OutContract,,Y,N,N,N,N,N,N,Y,Y,N,N,N,Y,N,N,Y,N,N,N,N,N,N,N,N,N,N,N,N,N,,Ms,Jessica,Rivera,,jessica.r@mail.com,020 7066 2423,R00024175510,B23 4WY,XXXXXXXXXXXX,Customer Initiated,Paper Bill,3M,21/01/2026,Blue Bill,XDNC,,N,N,LOW USAGE,FTTC,N,N,A00022404680,Stepney,CLSTE,020 7066 2423,11,,,,,1,,XXXXXXXXXXXX,A,0,
,SL41725038,XXXXXXXXXXXX,OutContract,UWP,N,N,N,N,Y,N,Y,N,N,N,N,N,Y,N,N,N,N,N,Y,N,N,N,N,N,N,N,N,N,N,,Dr,Joshua,Young,,jyoung@work.co.uk,020 7048 2142,R00018555626,E51 6XS,XXXXXXXXXXXX,Customer Initiated,Paper Bill,3M,10/12/2025,Blue Bill,XDNC,,N,N,NO USAGE,FTTC,N,N,A00017209929,Mosborough,SLMOS,020 7048 2142,11,,,,,1,,XXXXXXXXXXXX,A,0,
,SD39382776,XXXXXXXXXXXX,OutContract,Unlimited_Minutes,N,N,N,N,Y,Y,N,N,N,N,N,N,N,N,N,Y,N,N,N,N,N,N,N,N,N,N,N,N,N,,,Heather,Allen,,heatherallen@company.com,0161 258 4143,R00022688561,OX49 3ZW,XXXXXXXXXXXX,Direct Debit,Paper Bill,1M,23/11/2025,Blue Bill,XDNC,,N,N,HIGH USAGE,FTTC ULTRA_FTTP FTTP,N,N,A00021030797,Horsham,SDHRSHM,0161 258 4143,11,,,,,1,,XXXXXXXXXXXX,A,0,
Available,SD40320608,XXXXXXXXXXXX,OutContract,UEWP,N,N,N,N,N,N,N,Y,Y,N,N,N,N,N,N,Y,N,N,N,N,N,N,N,N,N,N,N,N,N,,Prof,Kenneth,Jackson,,kjackson@yahoo.com,07771 404401,R02335608564,LS1G 7RZ,XXXXXXXXXXXX,Direct Debit,Paper Free,1M,17/11/2025,Blue Bill,XDNC,,N,N,LOW USAGE,FTTC,N,N,A00060154054,Havant,SDHVNT,07771 404401,11,Y,,,,1,,XXXXXXXXXXXX,A,0,
,LS72309564,XXXXXXXXXXXX,OutContract,UWP,N,N,N,N,Y,N,N,N,N,N,N,N,N,N,N,Y,N,N,N,N,N,N,N,N,N,N,N,N,N,1945-08-21T00:00:00,Miss,Matthew,King,80-84,matthew.k@gmail.com,0117 974 6634,R00019934087,SL41 5JH,XXXXXXXXXXXX,Direct Debit,Paper Bill,3M,09/12/2025,Blue Bill,XDNC,,N,N,NO USAGE,FTTC ULTRA_FTTP FTTP,N,N,A00018489469,Esher,LSESH,0117 974 6634,11,,,,,1,,XXXXXXXXXXXX,,0,
Available,EM13889900,XXXXXXXXXXXX,OutContract,HPS_2018,N,N,N,N,N,N,N,N,N,N,N,N,N,N,N,Y,N,N,N,N,N,N,N,N,N,N,N,N,N,,Miss,Joshua,Allen,,joshua.a@email.com,0113 524 5534,R00016738857,SE71 9BT,XXXXXXXXXXXX,Direct Debit,Paper Bill,3M,17/01/2026,Blue Bill,XDNC,,N,N,HIGH USAGE,FTTC ULTRA_FTTP FTTP,N,N,A00015530817,Arnold,EMARNOL,0113 524 5534,11,Y,,,,1,,XXXXXXXXXXXX,A,0,
,LW56470838,XXXXXXXXXXXX,OutContract,UAP,N,N,N,N,Y,N,Y,N,N,N,N,N,N,N,N,N,N,N,Y,N,N,N,N,N,N,N,N,N,N,,Miss,George,Hill,,georgehill@outlook.com,0113 411 3708,R00014726219,NE9H 8PR,XXXXXXXXXXXX,Customer Initiated,Paper Bill,3M,16/01/2026,Blue Bill,XDNC,,N,N,HIGH USAGE,FTTC ULTRA_FTTP FTTP,N,N,A00013654472,Northolt,LWNOR,0113 411 3708,11,,,,,1,,XXXXXXXXXXXX,,0,
,LC25326814,XXXXXXXXXXXX,OutContract,UEWC,N,N,N,N,Y,N,N,Y,Y,N,N,N,N,N,N,Y,N,N,N,N,N,N,N,N,N,N,Y,N,N,,Prof,Robert,Baker,,robertbaker@gmail.com,0113 289 3718,R00012002995,OX27 5QD,XXXXXXXXXXXX,Monthly Payment Plan,Paper Bill,3M,02/12/2025,Blue Bill,XDNC,,N,Y,LOW USAGE,FTTC ULTRA_FTTP FTTP,N,N,A00011127045,St Anne'S,LCSTA,0113 289 3718,11,,,,,1,,XXXXXXXXXXXX,,0,
Available,EM10123797,XXXXXXXXXXXX,OutContract,Unlimited_Minutes,N,N,N,N,Y,Y,N,Y,N,N,N,N,Y,N,N,Y,N,N,N,N,N,N,N,N,N,N,N,N,N,,Ms,Thomas,White,,thomaswhite@company.com,07905 938077,R00016156952,SW5K 3HY,XXXXXXXXXXXX,Monthly Payment Plan,Paper Bill,3M,22/11/2025,Blue Bill,XDNC,,N,N,HIGH USAGE,FTTC GFAST_200,N,N,A00014987592,Yardley Gobion,SMYG,07905 938077,11,Y,,,,1,,XXXXXXXXXXXX,A,0,
,214560417,XXXXXXXXXXXX,OutContract,UWC,N,N,N,N,N,N,N,N,N,N,N,N,N,N,N,Y,N,N,N,N,N,N,N,N,N,N,N,N,N,1957-01-23T00:00:00,Dr,Julie,Collins,18-74,juliecollins@email.com,020 8949 9099,X05005610561,CB4W 7SY,XXXXXXXXXXXX,Direct Debit,Paper Free,1M,21/11/2025,Blue Bill,XDNC,,N,N,NO USAGE,FTTC,N,N,A00024095629,Chelsea,WRCHEL,020 8949 9099,11,,,,,1,,XXXXXXXXXXXX,,0,
DEC_1,EA30279126,XXXXXXXXXXXX,OutContract,UEWC,N,N,N,N,Y,N,N,Y,N,N,N,N,N,N,N,Y,N,N,N,N,N,N,N,N,N,N,N,N,N,1941-11-25T00:00:00,Ms,Steven,Thompson,80-84,sthompson@company.com,0117 942 9715,R00007018787,NW7J 2NT,XXXXXXXXXXXX,Direct Debit,Paper Bill,3M,07/01/2026,Blue Bill,O,,N,N,MED USAGE,FTTC,N,N,A00006508448,East Bay,EAEBY,0117 942 9715,11,Y,,,,1,,XXXXXXXXXXXX,,0,
,LN23735002,XXXXXXXXXXXX,OutContract,700Mins,N,N,N,N,Y,Y,N,Y,N,N,N,N,N,N,N,Y,N,N,N,N,N,N,N,N,N,N,N,N,N,1948-10-04T00:00:00,Mrs,Ronald,Davis,75-79,rdavis@company.com,020 7291 2339,R00024893473,WC7F 6YB,XXXXXXXXXXXX,Direct Debit,Paper Bill,3M,17/12/2025,Blue Bill,O,,N,N,HIGH USAGE,FTTC ULTRA_FTTP FTTP,N,N,A00023055190,North Finchley,LNNFN,020 7291 2339,11,,,,,1,,XXXXXXXXXXXX,,0,
,WN81703539,XXXXXXXXXXXX,OutContract,,Y,N,N,N,N,N,N,Y,N,N,N,N,N,N,N,Y,N,N,N,N,N,N,N,N,N,N,N,N,N,1968-03-21T00:00:00,Ms,Andrew,Thomas,18-74,andrew.t@work.co.uk,020 8155 1239,R00015919580,N6 5HF,XXXXXXXXXXXX,Direct Debit,Paper Free,1M,23/11/2025,Large Print,O,,Y,N,NO USAGE,FTTC ULTRA_FTTP FTTP,N,N,A00016316895,Wem,WNWEM,020 8155 1239,11,Y,,,,1,,XXXXXXXXXXXX,,0,
Available,CM58186743,XXXXXXXXXXXX,OutContract,HPS_2020,N,N,N,N,N,N,N,Y,N,N,N,N,N,Y,N,Y,N,N,N,N,N,N,N,N,N,N,N,N,N,,,Joyce,Lewis,,joyce.lewis@company.com,0121 346 6120,R00021868541,WC44 3EG,XXXXXXXXXXXX,Direct Debit,Paper Free,3M,14/02/2026,Blue Bill,O,,N,N,MED USAGE,FTTC ULTRA_FTTP FTTP,N,N,A00020276488,Berkswell,CMBER,0121 346 6120,11,Y,,,,1,,XXXXXXXXXXXX,,0,
Available,WS60191252,XXXXXXXXXXXX,OutContract,,Y,N,N,N,N,N,N,N,N,N,N,N,N,N,N,Y,N,N,N,N,N,N,N,N,N,N,N,N,N,1943-04-07T00:00:00,Ms,Virginia,Nelson,80-84,vnelson@outlook.com,07801 155283,R00010975470,RG7S 6GS,XXXXXXXXXXXX,Customer Initiated,Paper Bill,3M,17/01/2026,Blue Bill,XDNC,,N,N,MED USAGE,FTTC,N,N,A00010170951,Glasgow Langside,WSLAN,07801 155283,11,Y,,,,1,,XXXXXXXXXXXX,,0,
,EM15275948,XXXXXXXXXXXX,OutContract,UEWP,N,N,N,N,N,N,N,N,N,N,N,N,N,N,N,Y,N,N,N,N,N,N,N,N,N,N,N,N,N,,Dr,Andrew,Lee,,andrew.lee@hotmail.com,0117 919 9013,R00013058546,SE6W 1LJ,XXXXXXXXXXXX,Monthly Payment Plan,Paper Free,3M,26/01/2026,Blue Bill,XDNC,,Y,N,NO USAGE,ULTRA_FTTP FTTP,N,N,A00012108311,Earl Shilton,EMERRSS,0117 919 9013,11,Y,,,,1,,XXXXXXXXXXXX,,0,
,WN81086625,XXXXXXXXXXXX,OutContract,,Y,N,N,N,N,N,N,N,N,N,N,N,N,N,N,Y,N,N,N,N,N,N,N,N,N,N,N,N,N,1939-12-01T00:00:00,Mr,John,Turner,85-89,john.turner@company.com,01644 488020,R00017510787,CB90 7EZ,XXXXXXXXXXXX,Customer Initiated,Paper Bill,3M,19/11/2025,Blue Bill,O,,N,N,MED USAGE,FTTC,N,Y,A00016247355,Childs Ercall,WNCE,01644 488020,11,Y,,,,1,,XXXXXXXXXXXX,,0,
DEC_1,224910862,XXXXXXXXXXXX,OutContract,700Mins,N,N,N,N,Y,Y,Y,Y,N,N,N,N,N,N,N,N,N,N,Y,N,N,N,N,N,N,N,N,N,N,1935-06-20T00:00:00,Miss,James,Flores,90-94,james.f@yahoo.com,07843 344189,R00014236182,E99 9JS,XXXXXXXXXXXX,Direct Debit,Paper Bill,1M,11/12/2025,Blue Bill,DQR,,N,N,HIGH USAGE,,N,N,A00013200560,Pontypridd,SWPN,07843 344189,11,Y,,,,1,,XXXXXXXXXXXX,,0,
DEC_1,EM14214893,XXXXXXXXXXXX,OutContract,500Mins,N,N,N,N,Y,Y,Y,Y,N,N,N,N,N,Y,N,N,N,N,Y,N,N,N,N,N,N,Y,N,N,N,1937-01-26T00:00:00,Mr,Sophie,Martinez,85-89,sophiemartinez@hotmail.com,0117 962 8552,R00002230695,LS27 7SN,XXXXXXXXXXXX,Monthly Payment Plan,Dual,3M,27/12/2025,Blue Bill,XDNC,,N,Y,MED USAGE,FTTC ULTRA_FTTP FTTP,N,N,A00002029530,Wisbech,EMWSBCH,0117 962 8552,11,Y,,,,1,,XXXXXXXXXXXX,,0,
Available,SS76472788,XXXXXXXXXXXX,OutContract,700Mins,N,N,N,N,Y,Y,N,Y,N,N,N,N,N,N,N,Y,N,N,N,N,N,N,N,N,N,N,N,N,N,1950-03-10T00:00:00,Ms,Catherine,,75-79,catherine@mail.com,07995 649115,R00007989439,CB28 1ZX,XXXXXXXXXXXX,Direct Debit,Paper Free,1M,10/12/2025,Blue Bill,O,,N,N,MED USAGE,FTTC,N,N,A00007357329,Hartpury,SSHPY,07995 649115,11,Y,,,,1,,XXXXXXXXXXXX,,0,
,213899183,XXXXXXXXXXXX,OutContract,HPS_2020,N,N,N,N,N,N,N,Y,N,N,N,N,N,N,N,Y,N,N,N,N,N,N,N,N,N,N,N,N,N,1937-02-21T00:00:00,Dr,Kevin,Baker,85-89,kevin.b@email.com,01608 560722,R00014610034,S5V 5LW,XXXXXXXXXXXX,Direct Debit,Paper Free,1M,18/11/2025,Blue Bill,XDNC,,N,N,MED USAGE,FTTC ULTRA_FTTP FTTP,N,N,A00013546602,Northwood,LWNWOO,01608 560722,11,,,,,1,,XXXXXXXXXXXX,,0,
Available,221047856,XXXXXXXXXXXX,OutContract,UWC,N,N,N,N,Y,N,N,Y,N,N,N,N,N,N,N,Y,N,N,N,N,N,N,N,N,N,N,N,N,N,1940-11-29T00:00:00,Prof,Kelly,Flores,85-89,kellyflores@hotmail.com,0113 977 3802,R00038528554,S63 8UR,XXXXXXXXXXXX,Direct Debit,Dual,1M,02/12/2025,Blue Bill,XDNC,,N,N,LOW USAGE,FTTC ULTRA_FTTP FTTP,N,N,A00026375400,Littleport,EALPT,0113 977 3802,11,Y,,,,1,,XXXXXXXXXXXX,,0,
Available,WW28981862,XXXXXXXXXXXX,OutContract,,Y,N,N,N,N,N,N,Y,N,N,N,N,N,N,N,Y,N,N,N,N,N,N,N,N,N,N,N,N,N,,Prof,Edward,Thompson,,ethompson@hotmail.com,0113 203 6782,R00005272877,LS3A 0LB,XXXXXXXXXXXX,Customer Initiated,Paper Bill,3M,13/01/2026,Blue Bill,O,,N,N,LOW USAGE,FTTC,N,N,A00064632881,Holsworthy,WWHOLS,0113 203 6782,11,Y,,,,1,,XXXXXXXXXXXX,,0,
,ES80525200,XXXXXXXXXXXX,OutContract,UWP,N,N,N,N,Y,N,Y,N,N,N,N,N,N,N,N,N,N,N,Y,N,N,N,N,N,N,N,N,N,N,1937-01-06T00:00:00,Miss,Virginia,Mitchell,85-89,virginia.mitchell@outlook.com,0113 306 3619,R00015006275,BS38 2BA,XXXXXXXXXXXX,Customer Initiated,Paper Bill,3M,16/12/2025,Blue Bill,O,,N,N,HIGH USAGE,FTTC GFAST_200 ULTRA_FTTP FTTP,N,N,A00013914939,Donaldson,ESDON,0113 306 3619,11,,,,,1,,XXXXXXXXXXXX,,0,
,TH10130907,XXXXXXXXXXXX,OutContract,UWP,N,N,N,N,Y,N,Y,N,N,N,N,N,N,N,N,N,N,N,Y,N,N,N,N,N,N,N,N,N,N,,Mr,,Nelson,,nelson@mail.com,020 7801 2886,R00019581318,EC5B 6SE,XXXXXXXXXXXX,Customer Initiated,Paper Bill,3M,15/01/2026,Blue Bill,O,,N,N,LOW USAGE,FTTC,N,N,A00018166396,Camberley,THC,020 7801 2886,11,Y,,,,1,,XXXXXXXXXXXX,,2,DACS
,215595387,XXXXXXXXXXXX,OutContract,Unlimited_Minutes,N,N,N,N,Y,Y,N,Y,N,N,N,N,N,N,N,Y,N,N,N,N,N,N,N,N,N,N,N,N,N,1936-04-17T00:00:00,Dr,Emily,Rivera,85-89,emily.r@company.com,0117 980 1547,R00024054974,SW21 8QN,XXXXXXXXXXXX,Customer Initiated,Paper Bill,1M,23/11/2025,Blue Bill,XDNC,,N,N,HIGH USAGE,ULTRA_FTTP FTTP,N,N,A00022295260,Stourport,WMSTU,0117 980 1547,11,,,,,1,,XXXXXXXXXXXX,,0,
Available,WN80544835,XXXXXXXXXXXX,OutContract,UAP,N,N,N,N,Y,N,N,Y,Y,N,N,N,N,N,N,Y,N,N,N,N,N,N,N,N,N,N,N,N,N,,Dr,Amanda,Roberts,,amandaroberts@work.co.uk,0117 915 8546,R00008358226,NW7P 9QT,XXXXXXXXXXXX,Direct Debit,Dual,3M,10/01/2026,Blue Bill,XDNC,,N,Y,MED USAGE,FTTC,N,N,A00007753156,Penrhyndeudraeth,WNPDD,0117 915 8546,11,Y,,,,1,,XXXXXXXXXXXX,A,0,
,208797885,XXXXXXXXXXXX,OutContract,UAP,N,N,N,N,Y,N,N,N,N,N,N,N,N,N,N,Y,N,N,N,N,N,N,N,N,N,N,N,N,N,1950-08-22T00:00:00,Mrs,Matthew,Smith,75-79,matthew.s@gmail.com,020 8713 5385,R00023359224,NW39 7RP,XXXXXXXXXXXX,Direct Debit,Paper Bill,1M,02/12/2025,Blue Bill,XDNC,,N,N,HIGH USAGE,FTTC ULTRA_FTTP FTTP,N,N,A00021647077,Morley,MYMOR,020 8713 5385,11,,,,,1,,XXXXXXXXXXXX,,0,
,205470723,XXXXXXXXXXXX,OutContract,NFS_UWP_(P),N,N,N,N,Y,N,Y,N,N,N,N,N,N,N,N,N,N,N,Y,N,N,N,N,N,N,N,N,N,N,,Miss,Ryan,Anderson,,ryananderson@company.com,0113 554 6003,R00049495550,WC1K 1NJ,XXXXXXXXXXXX,Customer Initiated,Paper Bill,3M,06/02/2026,Blue Bill,O,,N,N,MED USAGE,FTTC GFAST_200 ULTRA_FTTP FTTP,N,N,,Haworth,MYHAW,0113 554 6003,11,Y,,,,1,,XXXXXXXXXXXX,,0,
,EA35497327,XXXXXXXXXXXX,OutContract,HPS_2020,N,N,N,N,N,N,N,Y,Y,N,N,N,N,N,N,Y,N,N,N,N,N,N,N,N,N,N,N,N,N,,Ms,Lisa,Carter,,lisa.carter@hotmail.com,020 8327 6081,R00007045685,M23 1PD,XXXXXXXXXXXX,Direct Debit,Dual,3M,08/12/2025,Blue Bill,XDNC,,Y,N,LOW USAGE,,N,N,A00006533814,Epping,EAEPP,020 8327 6081,11,Y,,,,1,,XXXXXXXXXXXX,,0,
Available,WW28043267,XXXXXXXXXXXX,OutContract,Unlimited_Minutes,N,N,N,N,Y,Y,N,N,N,N,N,N,N,N,N,Y,N,N,N,N,N,N,N,N,N,N,N,N,N,1952-06-06T00:00:00,Ms,Kevin,Martin,18-74,kevin.martin@.com,0121 543 89085,R00017649800,SW1O 1AA,XXXXXXXXXXXX,Direct Debit,Dual,3M,15/01/2026,Blue Bill,O,,N,N,HIGH USAGE,,N,N,A00016375826,Timberscombe,WWTIMB,0121 543 89085,11,Y,,,,1,,XXXXXXXXXXXX,,0,
Available,WS60778590,XXXXXXXXXXXX,OutContract,,Y,N,N,N,N,N,N,N,N,N,N,N,N,N,N,Y,N,N,N,N,N,N,N,N,N,N,N,N,N,,Mr,Amanda,Jones,,amanda.jones@@email.com,020  8239 3655,R00081660039,SW1A-1AA,XXXXXXXXXXXX,Direct Debit,Dual,3M,21/11/2025,Blue Bill,XDNC,,N,N,LOW USAGE,FTTP,N,N,A00005600508,Marrburn,WSMAB,020  8239 3655,11,Y,,,,1,,XXXXXXXXXXXX,,0,
,LS67940811,XXXXXXXXXXXX,OutContract,,Y,N,N,N,N,N,N,N,N,N,N,N,N,N,N,Y,N,N,N,N,N,N,N,N,N,N,N,N,N,,Ms,Diane,Lewis,,diane.lewis,07397 367671,R00025762045,SW1A 1A,XXXXXXXXXXXX,SCCRA,Paper Bill,3M,18/01/2026,Blue Bill,O,,N,N,MED USAGE,FTTC ULTRA_FTTP FTTP,N,N,A00023875896,Norbury,LSNOR,07397 367671,11,,,,,1,,XXXXXXXXXXXX,,0,
,LN24834402,XXXXXXXXXXXX,OutContract,UWP,N,N,N,N,N,N,Y,Y,Y,N,N,N,N,N,N,N,N,N,Y,N,N,N,N,N,N,N,N,N,N,1959-12-26T00:00:00,Mrs,Ronald,White,18-74,ronald.white@.com,2086751014,R00024762210,SW1A  1AA,XXXXXXXXXXXX,Customer Initiated,Dual,3M,10/01/2026,Blue Bill,O,,N,N,HIGH USAGE,FTTC ULTRA_FTTP FTTP,N,N,A00022930723,Stamford Hill,LNSTA,2086751014,11,,,,,1,,XXXXXXXXXXXX,A,0,
DEC_1,LC20937537,XXXXXXXXXXXX,OutContract,UWC,N,N,N,N,Y,N,Y,N,N,N,N,N,N,N,N,N,N,N,Y,N,N,N,N,N,N,N,N,N,N,,Dr,Ruth,Clark,,ruth.clark@,020-8418-7974,X05500020924,SW1A 1AAA,XXXXXXXXXXXX,Customer Initiated,Paper Bill,3M,11/12/2025,Blue Bill,XDNC,,N,Y,MED USAGE,ULTRA_FTTP FTTP,N,N,A00025038971,Leyland,LCLEY,020-8418-7974,11,Y,,,,1,,XXXXXXXXXXXX,,0,
,213713277,XXXXXXXXXXXX,OutContract,700Mins,N,N,N,N,Y,Y,N,Y,N,N,N,N,N,N,N,Y,N,N,N,N,N,N,N,N,N,N,N,N,N,1925-10-26T00:00:00,Dr,Maria,Torres,100-104,maria.torres@invalid,07274 580641,R08138188094,SW1A 1A,XXXXXXXXXXXX,Direct Debit,Paper Free,1M,13/12/2025,Blue Bill,XDNC,,N,Y,HIGH USAGE,FTTC,N,N,A00011556039,Heysham,LCHEY,07274 580641,11,,,,,1,,XXXXXXXXXXXX,,0,
Available,211055775,XXXXXXXXXXXX,OutContract,UAP,N,N,N,N,Y,N,N,Y,Y,N,N,N,N,N,N,Y,N,N,N,N,N,N,N,N,N,N,N,N,N,1938-08-23T00:00:00,Mrs,Paul,Robinson,85-89,paul..robinson@outlook.com,0121 501 72564,R00003380674,SW1A-1AA,XXXXXXXXXXXX,Direct Debit,Paper Bill,1M,05/12/2025,Blue Bill,XDNC,,N,Y,MED USAGE,ULTRA_FTTP FTTP,N,N,A00003101587,Falmouth,WWFALM,0121 501 72564,11,Y,,,,1,,XXXXXXXXXXXX,,0,
,SD38332023,XXXXXXXXXXXX,OutContract,Unlimited_Minutes,N,N,N,N,N,Y,N,Y,N,N,N,N,N,N,N,Y,N,N,N,N,N,N,N,N,N,N,N,N,N,,Mr,Catherine,Parker,,catherine.parker,0121 503 23306,R00022561403,SW1A  1AA,XXXXXXXXXXXX,Direct Debit,Paper Bill,1M,28/11/2025,Blue Bill,O,,Y,N,HIGH USAGE,FTTC ULTRA_FTTP FTTP,N,N,A00020913868,Hassocks,SDHSSCK,0121 503 23306,11,,,,,1,,XXXXXXXXXXXX,,0,
NOV_1,LW57341015,XXXXXXXXXXXX,OutContract,Unlimited_Minutes,N,N,N,N,N,Y,Y,Y,N,N,N,N,N,N,N,N,N,N,Y,N,N,N,N,N,N,N,N,N,Y,,Mr,Jessica,Johnson,,jessica.johnson,2073087093,R00024886983,SW1A 1A,XXXXXXXXXXXX,Customer Initiated,Paper Bill,3M,06/01/2026,Blue Bill,O,,N,N,HIGH USAGE,FTTC,N,N,A14835744672,Golders Green,LWGOL,2073087093,11,Y,,,,1,,XXXXXXXXXXXX,A,0,
DEC_1,EA30829570,XXXXXXXXXXXX,OutContract,UEWP,N,N,N,N,Y,N,N,N,N,N,N,N,N,N,N,Y,N,N,N,N,N,N,N,N,N,N,N,N,N,,Miss,Thomas,Edwards,,thomas.edwards@invalid,0121 364 17947,R00015504930,SW1A-1AA,XXXXXXXXXXXX,Monthly Payment Plan,Paper Bill,3M,02/12/2025,Blue Bill,O,,N,Y,MED USAGE,FTTC ULTRA_FTTP FTTP,N,N,A00014383822,Wymondham; Norfolk,EAWYM,0121 364 17947,11,Y,,,,1,,XXXXXXXXXXXX,,0,
